Pack,Rank,Pick,Source,Video ID,Link,In–Out,Cut on this angle,Note
Top 10 Signature Moves (2026 Redo),5,Robben's cut-in — v Juventus,compilation,qDgAANEXQqg,https://youtu.be/qDgAANEXQqg,02:02–02:24,,
Top 10 Signature Moves (2026 Redo),4,Ronaldinho's elástico — nutmeg on Dunga,1999 Gre-Nal final,LXqPEpeokCg,https://youtu.be/LXqPEpeokCg,02:20–02:35,,
Top 10 Signature Moves (2026 Redo),3,Iniesta's croqueta — v Man City,compilation,Zs3bmAJ4nq0,https://youtu.be/Zs3bmAJ4nq0,01:38–01:47,,
Top 10 Signature Moves (2026 Redo),2,Messi's body feint — v Weligton,slow-mo breakdown,VzUWrhh7UQE,https://youtu.be/VzUWrhh7UQE,03:22–03:56,,
Top 10 Signature Moves (2026 Redo),1,"The Cruyff turn — Sweden, 1974",archive + interview,PBgLInYqhmo,https://youtu.be/PBgLInYqhmo,00:05–00:11,00:08–00:10 the turn itself · 00:17–00:26 slow-motion replay,
Goalkeepers With Unbelievable Assists,5,"Ederson → Agüero, Man City v Huddersfield",Premier League OFFICIAL,cVtF64Un-0o,https://youtu.be/cVtF64Un-0o,00:12–00:38,00:29–00:38 static high tactical wide,All five from this ONE compilation
Goalkeepers With Unbelievable Assists,4,"Alisson → Salah, Liverpool v Man United",Premier League OFFICIAL,cVtF64Un-0o,https://youtu.be/cVtF64Un-0o,00:00–00:11,"one unbroken live shot, no replays",[!] Cuts at 00:11 — Alisson's run is NOT in it
Goalkeepers With Unbelievable Assists,3,"Schmeichel → Solskjær, Man Utd v Sunderland",Premier League OFFICIAL,cVtF64Un-0o,https://youtu.be/cVtF64Un-0o,06:56–07:13,"07:00–07:10 one continuous pan, throw to goal",
Goalkeepers With Unbelievable Assists,2,"Čech → Drogba, Wolves v Chelsea",Premier League OFFICIAL,cVtF64Un-0o,https://youtu.be/cVtF64Un-0o,01:24–01:53,01:42–01:44 the punt (settles the foot) · 01:44–01:53 pitch-level slow-mo,
Goalkeepers With Unbelievable Assists,1,"Van der Sar → Rooney, Man Utd v Aston Villa",Premier League OFFICIAL,cVtF64Un-0o,https://youtu.be/cVtF64Un-0o,04:14–04:45,04:32–04:38 Van der Sar with Ferdinand and Evra — the money shot,
Top 10 Pace Abuser Moments Part 2,10,Son Heung-min — the Burnley solo goal,"Tottenham OFFICIAL, Puskás package",C-CefuZ6h1k,https://youtu.be/C-CefuZ6h1k,00:00–03:19,02:40–03:19 ULTRA SLOW-MOTION HEAD-ON — the only angle that carries the one-footed point,Ten angles. Mask the subscribe panel at 00:21–00:35 and the end card at 03:20
Top 10 Pace Abuser Moments Part 2,9,Terens Puhiri — Borneo FC v Mitra Kukar,"Guardian Football, 7.8M",kjdKZOcXlbk,https://youtu.be/kjdKZOcXlbk,00:00–00:52,whole clip is the run,"52s, dedicated"
Top 10 Pace Abuser Moments Part 2,8,Van de Ven — Spurs v Copenhagen,Tottenham OFFICIAL,h_stLgq5Rps,https://youtu.be/h_stLgq5Rps,01:04–01:23,"one unbroken wide pan, no replays",
Top 10 Pace Abuser Moments Part 2,7,Adeyemi — Dortmund v Chelsea,DAZN,nPZGlV1rBM4,https://youtu.be/nPZGlV1rBM4,00:00–01:31,whole clip is the run,"91s, dedicated. Clock 62:20 → 62:45"
Top 10 Pace Abuser Moments Part 2,6,Bale v Maicon — Spurs 3-1 Inter,TNT Sports,JOirPSqL28w,https://youtu.be/JOirPSqL28w,00:00–01:26,00:32–00:34 low tight sideline — Maicon grabs his shoulder · 01:14–01:20 low reverse slow-mo,"86s, FOUR separate runs. [!] Bale does not score in this footage"
Top 5 Players Who Deserve The Oscar Award Part 2,5,"Neymar rolling — Mexico, 2018",FIFA,9qjGKKitwXo,https://youtu.be/9qjGKKitwXo,01:46–02:19,,[!] Use ONLY to 02:19. He rolls ONCE — every longer cut is padded
Top 5 Players Who Deserve The Oscar Award Part 2,4,Micah Richards — Aston Villa v Stoke,CBS Sports Golazo,RscP6Vaghd4,https://youtu.be/RscP6Vaghd4,00:59–01:20,the clip AND the studio reaction in one,
Top 5 Players Who Deserve The Oscar Award Part 2,3,Breel Embolo — Switzerland v Argentina,"real footage, three slow-mo angles",1O-qw6iaLOk,https://youtu.be/1O-qw6iaLOk,00:00–02:10,00:38 reverse sideline — airborne BEFORE any contact,
Top 5 Players Who Deserve The Oscar Award Part 2,2,"Suárez — the Chiellini bite, 2014","ESPN broadcast, unedited",1tVdCQaH0vs,https://youtu.be/1tVdCQaH0vs,00:00–01:10,00:11–00:15 cupping his mouth · 01:07–01:10 pulls his collar over his face,
Top 5 Players Who Deserve The Oscar Award Part 2,1,"Rivaldo, 2002 v Turkey",2.55M,OiW0IPrv1Ro,https://youtu.be/OiW0IPrv1Ro,00:13–00:15,,"25s clip, no scorebug anywhere"
Top 5 Die for the Badge (2026 Redo),5,Valverde on Morata — Supercopa final,Italian network NOVE,3JiwVYCnHqU,https://youtu.be/3JiwVYCnHqU,00:02–00:04,,Match clock 114:29. Simeone pats his head as he walks off
Top 5 Die for the Badge (2026 Redo),4,"Van de Ven — Europa League final, Bilbao",Tottenham OFFICIAL,vWC-USe1ncI,https://youtu.be/vWC-USe1ncI,00:39–01:10,"00:39 the live clearance, replays to 01:10",Match clock 67:38
Top 5 Die for the Badge (2026 Redo),3,"Süle v Mbappé — DORTMUND, not Bayern",DAZN,vjTC2gCMtqM,https://youtu.be/vjTC2gCMtqM,00:13–00:15,,Match clock 16:34–16:36
Top 5 Die for the Badge (2026 Redo),2,John Stones — off the line in front of Salah,Man City OFFICIAL,MriNd_wn1Os,https://youtu.be/MriNd_wn1Os,00:55–01:40,01:26–01:32 LOW REVERSE FROM BEHIND THE NET — the hook across Salah,[!] The 11mm figure is NOT in this footage. The graphic reads only NO GOAL
Top 5 Die for the Badge (2026 Redo),1,FERLAND Mendy v Man City — not Édouard,TNT / BT Sport,WgzZRA260X0,https://youtu.be/WgzZRA260X0,00:15–00:18,,Match clock 86:11–86:13
Worst Penalty Miss With Every Technique Part 2,5,"Zaza, Euro 2016 — STUTTER",Stade de Bordeaux,5_9OwlwAMMk,https://youtu.be/5_9OwlwAMMk,00:14–00:23,00:21–00:23 close-up — number 7 legible on chest and shorts,
Worst Penalty Miss With Every Technique Part 2,4,"Pires & Henry, Highbury — PASS","34s, carries BOTH halves",N4bQVTczcLQ,https://youtu.be/N4bQVTczcLQ,00:00–00:34,00:12–00:18 HIGH REVERSE behind the North Bank — the studs clipping the ball,00:19–00:21 tunnel interview · 00:22–00:34 the Sparta Prague callback. END ON THAT
Worst Penalty Miss With Every Technique Part 2,3,Agüero v Chelsea — PANENKA,Sky Sport DE — UPGRADED SOURCE,he7mZJDIEOQ,https://youtu.be/he7mZJDIEOQ,01:23–01:43,,"Full German commentary, official PL scorebug, four angles"
Worst Penalty Miss With Every Technique Part 2,2,"Budimir v Valencia, 97th minute",Arena Sport 1,4EvIcyRuAXg,https://youtu.be/4EvIcyRuAXg,00:00–00:38,00:30–00:35 LOW PITCHSIDE FROM THE RIGHT — the standing leg collapsing and the toe-scuff,Mask the betting graphics bottom left throughout
Worst Penalty Miss With Every Technique Part 2,1,Eze v PSG — the CL final shootout,ARSENAL'S OWN OFFICIAL CHANNEL,ygcv9fQheII,https://youtu.be/ygcv9fQheII,01:22–01:27,01:23 run-up · 01:25 strike · 01:26–01:27 EZE 10 legible on his back,[!!] OUTCOME DISPUTED — see the note under this table. Shootout starts 01:12
When Goalkeepers Make Accidental Saves,5,Full Reverse Save,"the reference itself, its #6 entry",ZbunM6UKwts,https://youtu.be/ZbunM6UKwts,—,,[!] No standalone clip exists. Lift it from the reference
When Goalkeepers Make Accidental Saves,4,No-Look Save,"the reference itself, its #5 entry",ZbunM6UKwts,https://youtu.be/ZbunM6UKwts,00:07–00:13,,
When Goalkeepers Make Accidental Saves,3,IDK Save,"the reference itself, its #4 entry",ZbunM6UKwts,https://youtu.be/ZbunM6UKwts,00:14–00:22,,
When Goalkeepers Make Accidental Saves,2,Neuer v Bas Dost — the heel he can't see,Legendary Goal Line Saves,PaaZxPh0A-o,https://youtu.be/PaaZxPh0A-o,02:00–02:08,02:04–02:07 GROUND-LEVEL REVERSE FROM INSIDE THE NET — the ball meeting his trailing heel,Mask the Score 90 overlay bottom left
When Goalkeepers Make Accidental Saves,1,Choupo-Moting stops his OWN team scoring,Legendary Goal Line Saves,PaaZxPh0A-o,https://youtu.be/PaaZxPh0A-o,05:05–05:19,,On-screen caption in the source reads “200 IQ”
