date,title,link,status
2026-08-15,Top 5 Juninho's Free Kicks,https://www.youtube.com/watch?v=VDxgYl6ZQiE,Queued
2026-08-15,Top 10 Legendary Defenders in Football,https://www.youtube.com/watch?v=3qtbHYUEe44,Queued
2026-08-15,Top 5 Strangest Moments in Football History,https://www.youtube.com/shorts/J7QrVtE3F4o,Queued
2026-08-15,Top 5 Liverpool vs Man City: Combined XI,https://www.youtube.com/watch?v=4DmWcqFyYlM,Queued
2026-08-15,Top 5 Legendary Sprint Speeds in Football,https://www.youtube.com/watch?v=zMxZovxcx-o,Queued
2026-08-15,Top 5 Most Insanely Satisfying Goals,https://www.youtube.com/shorts/nuPFtVlJ0Xg,Queued
2026-08-15,Top 5 Ronaldo's World Cup Failures,https://www.youtube.com/shorts/Zpmn77KW694,Queued
2026-08-15,Top 5 Mistakes That Cost Trophies,https://www.youtube.com/shorts/3pw0Y8EgjqA,Queued
2026-08-15,Top 5 Most Hated Footballers Ever,https://www.youtube.com/shorts/0vUkiMy8tHE,Queued
2026-08-15,Top 5 Times Legends Still Got It,https://www.youtube.com/shorts/44-csFxt9zU,Queued
2026-08-18,Top 5 Ronaldo Emotional Goals,https://www.youtube.com/shorts/yvEpKKx-_EM,Queued
2026-08-18,Top 5 Ronaldo 'Why Would You Shoot That' Moments,https://www.youtube.com/shorts/3L5wOsUdxKM,Queued
2026-08-18,Top 5 Ronaldo Disrespectful Goals,https://www.youtube.com/shorts/G5Xeqetx-_8,Queued
2026-08-18,Top 5 Times Messi Humiliated Defenders,https://www.youtube.com/shorts/4pReQafjza8,Queued
2026-08-18,10 Weird Facts About Cristiano Ronaldo,https://www.youtube.com/shorts/l94zC4w-Dzo,Queued
2026-08-18,Top 5 Ronaldo Power Shots That Had No Mercy,https://www.youtube.com/shorts/9hstuCAa6YI,Queued
2026-08-18,Top 5 Messi 'Big Brain' Moments,https://www.youtube.com/shorts/fCYztc7zN2k,Queued
2026-08-18,Top 5 Worst World Cup Winners,https://www.youtube.com/shorts/NL0GyJCeEQY,Queued
2026-08-18,Top 5 Worst Golden Boy Winners,https://www.youtube.com/shorts/0g3cftFz08k,Queued
2026-08-18,King of Every League,https://www.youtube.com/shorts/sCXb8WPrxys,Queued
2026-08-18,Saddest World Cup Endings,https://www.youtube.com/shorts/5NcJRjg9Leo,Queued
2026-08-18,Ronaldo's Last 10 Portugal Goals,https://www.youtube.com/shorts/M9RjhRjoVhw,Queued
2026-08-18,The Biggest Rivalry in Every League,https://www.youtube.com/shorts/yFCfHKG0xbE,Queued
2026-08-18,Top 5 Worst Premier League Winners,https://www.youtube.com/shorts/0g3cftFz08k,Queued
2026-08-18,Top 5 Goalkeeper Mistakes That Hurt to Watch,https://www.youtube.com/shorts/G-owB65Nhrk,Queued
2026-08-18,Top 5 Footballers' Sons Who Will Be Superstars,https://www.youtube.com/shorts/0QlrjoSI00U,Queued
2026-08-18,Ronaldo's Last 10 Goals for Real Madrid,https://www.youtube.com/shorts/Vt5GGm5hKmo,Queued
2026-08-18,Top 5 Fastest Goals in Football History,https://www.youtube.com/shorts/W0k9PZyi6JI,Queued
2026-08-18,Strangest Retirements in Football History,https://www.youtube.com/shorts/MtvQKcbQmCI,Queued
2026-08-18,Top 5 Times the Ball Got Destroyed (Part 2),https://www.youtube.com/shorts/F7uCJP-n7ek,Queued
2026-08-18,Players Who Retired and Switched Sports,https://www.youtube.com/shorts/yQ8CQUNOVTs,Queued
2026-08-18,Celebrations for Sick Kids,https://www.youtube.com/shorts/ezU6DY5Jfj8,Queued
2026-08-18,Top 5 Big Brain Striker Moments,https://www.youtube.com/shorts/fCYztc7zN2k,Queued
2026-08-18,Top 5 Big Brain Defender Moments,https://www.youtube.com/shorts/fCYztc7zN2k,Queued
2026-08-18,Top 5 Ronaldo Unselfish Moments,https://www.youtube.com/shorts/yeMVCqLkCJs,Queued
2026-08-18,Top 5 Most Unselfish Moments in Football,https://www.youtube.com/shorts/fx_slu-A8Vw,Queued
2026-08-18,Your Birth Month Decides Your GOAT,https://www.youtube.com/shorts/x7zccw2tOm0,Queued
2026-08-18,Top 5 Most Insane Pace-Abuser Goals,https://www.youtube.com/shorts/9OWUC9v4qoQ,Queued
2026-08-18,Top 5 Legendary Backheel Goals,https://www.youtube.com/shorts/yftne0_QyHc,Queued
2026-08-18,Funniest Tunnel Moments in Football,https://www.youtube.com/shorts/ofwb90GC3c0,Queued
2026-08-18,Top 5 Longest Primes in Football History,https://www.youtube.com/shorts/9aYJ3lBf7HY,Queued
2026-08-24,Ranking the Premier League Big 6,https://www.youtube.com/shorts/2YQ3Xl2cpw4,Queued
2026-08-24,The Strangest Curses in Football History,https://www.youtube.com/shorts/69HDR9dnHcY,Queued
2026-08-24,Top 5 Weirdest Rules in Football,https://www.youtube.com/shorts/StGHLfNtHJM,Queued
2026-08-24,Craziest Pitch Invasions Ever,https://www.youtube.com/shorts/oUCa0c_bBPE,Queued
2026-08-24,Top 5 Rarest Goalkeeper Moments,https://www.youtube.com/shorts/M29VTwBnsbk,Queued
2026-08-24,Funniest Manager Moments,https://www.youtube.com/shorts/CV1jWhlWfdE,Queued
2026-08-24,Top 10 Goals That Never Won the Puskas — Part 2,https://www.youtube.com/shorts/xsdwvZyU9kw,Queued
2026-08-24,Top 5 Big Brain Substitutions,https://www.youtube.com/shorts/fCYztc7zN2k,Queued
2026-08-24,Top 5 'Aura' Saves in Football,https://www.youtube.com/shorts/bSTDnWSVLAE,Queued
2026-08-24,King of Every Tournament,https://www.youtube.com/shorts/sCXb8WPrxys,Queued
2026-08-24,Top 5 Weirdest Football Traditions,https://www.youtube.com/shorts/StGHLfNtHJM,Queued
2026-08-24,Top 5 Ronaldo Big Brain Moments,https://www.youtube.com/shorts/fCYztc7zN2k,Queued
2026-08-24,The Best Goalkeeper of Every Decade,https://www.youtube.com/shorts/sCXb8WPrxys,Queued
2026-08-24,When Strikers Get Bored,https://www.youtube.com/shorts/uNYUKocZWdQ,Queued
2026-08-24,The Highest-Scoring Goalkeeper in History,https://www.youtube.com/shorts/xy_-0uDDE_g,Queued
2026-08-25,Top Shameless Handball Goals,https://www.youtube.com/shorts/k-8RV4ESJZQ,Queued
2026-08-25,Top Goals That Look Like AI,https://www.youtube.com/shorts/59HUVRASUJk,Queued
2026-08-25,Top Shaolin Soccer Goals,https://www.youtube.com/shorts/WEX-vvhcyf0,Queued
2026-08-25,Top Hilarious Air Kicks,https://www.youtube.com/shorts/1APRYPV9Daw,Queued
2026-08-25,Top Inhuman Plays in Football,https://www.youtube.com/shorts/Ef9UzP0NywY,Queued
2026-08-25,When Goalkeepers Sacrifice Themselves,https://www.youtube.com/shorts/68j4k93NOv4,Queued
2026-08-25,Top Defender Mistakes That Hurt to Watch,https://www.youtube.com/shorts/G-owB65Nhrk,Queued
2026-08-25,When Substitutes Get Bored,https://www.youtube.com/shorts/uNYUKocZWdQ,Queued
2026-08-25,When Mascots Get Bored,https://www.youtube.com/shorts/uNYUKocZWdQ,Queued
2026-08-25,Top Inhuman Recovery Runs,https://www.youtube.com/shorts/Ef9UzP0NywY,Queued
2026-09-01,Top 5 “Aura Goals” in Football Part 2,https://www.youtube.com/shorts/bSTDnWSVLAE,Queued
2026-09-01,Top 10 “Pace Abuser” Moments Part 2,https://www.youtube.com/shorts/jxz2A7GHTGM,Queued
2026-09-01,Top Smartest Goalkeeper Moments Part 2,https://www.youtube.com/shorts/I1DF9y0N_dM,Queued
2026-09-01,Top 5 Players Who Deserve the Oscar Award Part 2,https://www.youtube.com/shorts/uJEw4mhEYW8,Approved
2026-09-01,Top 5 Most Nonchalant Moments in Football (2026 Redo),https://www.youtube.com/shorts/21vNfEeIfK0,Queued
2026-09-01,Worst Penalty Miss With Every Technique in Football Part 2,https://www.youtube.com/shorts/hxBxS7QX354,Queued
2026-09-01,Top 5 Worst Ballon D’or Winners in Football Part 2,https://www.youtube.com/shorts/0g3cftFz08k,Queued
2026-09-01,Top 5 “Die for the Badge” Moments in Football (2026 Redo),https://www.youtube.com/shorts/WBDNj2kL0lw,Queued
2026-09-01,Top 5 Most “Selfish” Moments in Football (2026 Redo),https://www.youtube.com/shorts/9UlTiyixsSU,Queued
2026-09-01,Top 5 Shortest Lived Primes in Football (2026 Redo),https://www.youtube.com/shorts/9aYJ3lBf7HY,Approved
2026-09-01,Top 5 Worst Hattricks in Football (2026 Redo),https://www.youtube.com/shorts/8oo_OTaBxw0,Queued
2026-09-01,Top 10 Signature Moves in Football (2026 Redo),https://www.youtube.com/shorts/gaLafBORfYA,Approved
2026-09-01,Top 5 Most Awkward Moments in Football,https://www.youtube.com/shorts/9uePfdcjzF0,Queued
2026-09-01,Top Players Toying With Goalkeepers,https://www.youtube.com/shorts/ywSjoH8FwLE,Queued
2026-09-01,When Goalkeepers Make Accidental Saves,https://www.youtube.com/shorts/ZbunM6UKwts,Approved
2026-09-01,When Goalkeepers Aren't Ready,https://www.youtube.com/shorts/Z5sgNMojUz4,Queued
2026-09-01,Goalkeepers With Unbelievable Assists,https://www.youtube.com/shorts/tBPdLG2ZsgY,Approved
2026-09-01,Ranking the Funniest Footballer Lookalikes,https://www.youtube.com/shorts/rVw2TmDJf9o,Dropped 2026-09-20
2026-09-01,Imagine If These Players NEVER Got Injured,https://www.youtube.com/shorts/z73OYyghBxw,Queued
2026-09-07,What If Messi & Ronaldo Swapped Nationalities?,https://www.youtube.com/shorts/DZ2cXN-7GxE,Approved
2026-09-07,"What If PSG Kept Messi, Neymar & Mbappé?",https://www.youtube.com/shorts/kymTJlWMyzk,Approved
2026-09-07,Transfers That Almost Happened,https://www.youtube.com/shorts/0_yDGO1Jgt0,Approved
2026-09-07,What If Ronaldo Never Left Real Madrid?,https://www.youtube.com/shorts/zilVLvf10Sk,Approved
2026-09-07,What If These Players Played for Other Countries?,https://www.youtube.com/shorts/hgE5AqUCBdM,Queued
2026-09-07,Players We Always Mispronounce,https://www.youtube.com/shorts/GT-1mKJRDxU,Approved
2026-09-07,Players We Always Forget Played for That Club,https://www.youtube.com/shorts/GT-1mKJRDxU,Approved
2026-09-07,Players We Always Blame First,https://www.youtube.com/shorts/GT-1mKJRDxU,Approved
2026-09-07,Players You Forgot Played Together,https://www.youtube.com/shorts/GT-1mKJRDxU,Queued
2026-09-07,Players We Always Confuse With Each Other,https://www.youtube.com/shorts/GT-1mKJRDxU,Queued
2026-09-07,Players Who Were Better Than You Remember,https://www.youtube.com/shorts/UxEVQJNshcM,Queued
2026-09-07,The Best Player From Every Year (2000–2025),https://www.youtube.com/shorts/sCXb8WPrxys,Queued
2026-09-07,If Every Wrongly Disallowed Goal Had Counted,https://www.youtube.com/shorts/R7A9MbPIegM,Queued
2026-09-07,What If Clubs Could Only Use Academy Players?,https://www.youtube.com/shorts/GqN5uAV-cgY,Queued
2026-09-07,If Neymar Stayed at Barcelona,https://www.youtube.com/shorts/OofqZWb4hmg,Queued
2026-09-07,Players Everyone Wanted at Their Club,https://www.youtube.com/shorts/GT-1mKJRDxU,Queued
2026-09-07,Players We All Copied in the Playground,https://www.youtube.com/shorts/GT-1mKJRDxU,Queued
2026-09-07,The Most Overrated Player at Every Club,https://www.youtube.com/shorts/QmGY9zOqgXI,Queued
2026-09-07,Players You Forgot Are Still Playing,https://www.youtube.com/shorts/atZZ1NDURng,Queued
2026-09-07,What If These Transfers Never Happened?,https://www.youtube.com/shorts/z73OYyghBxw,Queued
2026-09-07,Moments That Confused Everyone on the Pitch,https://www.youtube.com/shorts/K2XdlhhUQWM,Queued
2026-09-07,When Strikers Aren't Ready,https://www.youtube.com/shorts/Z5sgNMojUz4,Queued
2026-09-07,Worst Ballon d'Or Decision From Every Year,https://www.youtube.com/shorts/0g3cftFz08k,Queued
2026-09-07,One-Season Wonder From Every Year in Football,https://www.youtube.com/shorts/9aYJ3lBf7HY,Queued
2026-09-14,Top 5 Legendary Fake Plays in Football,https://www.youtube.com/shorts/Y5KvUslNHzA,Queued
2026-09-14,Top 5 Big Brain Time-Wasting Tactics,https://www.youtube.com/shorts/6Z9TDqkjZDs,Queued
2026-09-14,Top 5 Goalkeeper 'Brain Freeze' Moments,https://www.youtube.com/shorts/z6Ie5elp3YY,Queued
2026-09-14,Top 5 Shameless Goal Steals in Football,https://www.youtube.com/shorts/2U-lZSwWSLw,Queued
2026-09-14,Top 5 Failed Goalkeeper Attacks,https://www.youtube.com/shorts/ryiFzPOX1pg,Queued
2026-09-14,Top 5 Most Predictable Penalty Misses,https://www.youtube.com/shorts/1jPYXAXO3D8,Queued
2026-09-14,Top 5 Next-Level Women's Goalkeepers,https://www.youtube.com/shorts/FC2spOXemNc,Queued
2026-09-14,Top 5 Tactical Fouls That Got Personal,https://www.youtube.com/shorts/TjH2_lU7mCY,Queued
2026-09-14,Top 5 Funny & Weird Penalty Kicks,https://www.youtube.com/shorts/U4wNPSYsx64,Queued
2026-09-14,When Penalty Predictions Go Too Far,https://www.youtube.com/shorts/YQcadVf_0Hs,Queued
2026-09-14,When Footballers Try to Act Smart,https://www.youtube.com/shorts/Ymywd09MNDQ,Queued
2026-09-14,When Defenders Lose All Aura,https://www.youtube.com/shorts/1OkRK_xjjSI,Queued
2026-09-14,What If Nations NEVER Lost a World Cup Final?,https://www.youtube.com/shorts/44EW28CRzRo,Queued
2026-09-14,What If Dortmund NEVER Sold Their Players?,https://www.youtube.com/shorts/UVQa6nBSCZI,Queued
2026-09-14,Top 5 'Move Man!!' Moments in Football,https://www.youtube.com/shorts/zOVU1cpV3wQ,Queued
2026-09-14,When Football Becomes Art,https://www.youtube.com/shorts/MfjF9Ggj57A,queued
2026-09-14,Top 5 Goalkeeper 'Aura' Moments,https://www.youtube.com/shorts/f89j7g33R14,queued
2026-09-14,Top 5 Footballers With the Biggest Calves,https://www.youtube.com/shorts/4ODlzRGoHrk,queued
2026-09-14,The 5 Tallest Footballers on Earth,https://www.youtube.com/shorts/ansitXwUTSU,queued
2026-09-14,Last 5 Golden Boy Winners — Where Are They Now?,https://www.youtube.com/shorts/tBes9lUlNu8,queued
2026-09-18,Worst Penalty Miss With Every Technique Part 2,https://www.youtube.com/shorts/hxBxS7QX354,Approved
2026-09-18,Top 5 Die for the Badge Moments (2026 Redo),https://www.youtube.com/shorts/WBDNj2kL0lw,Approved
2026-09-18,Top 5 Shortest Lived Primes (2026 Redo),https://www.youtube.com/shorts/9aYJ3lBf7HY,Approved
2026-09-18,Top 10 Signature Moves (2026 Redo),https://www.youtube.com/shorts/gaLafBORfYA,Approved
2026-09-18,Players Who Could've Played For Another Nation,https://www.youtube.com/shorts/0zxkpSnyZJs,Approved
